risk_level,n,amount_mean,amount_median,amount_std,amount_se,amount_ci95
Bajo,2815,187.1132007104796,186.26,93.8552811374628,1.7689661206029121,3.467173596381708
Medio,4103,190.64514257860102,191.09,94.1913588185391,1.4704840008328988,2.8821486416324817
Alto,3082,190.5150940947437,191.97,95.77423823139083,1.725171953810746,3.381337029469062
