risk_level,n,amount_mean,amount_median,amount_std,amount_se,amount_ci95
Bajo,10989,188.51356538356538,186.96,96.40457953936645,0.9196415360080795,1.8024974105758358
Medio,16360,189.43900061124694,187.10000000000002,96.73531747400999,0.7562988005551237,1.4823456490880424
Alto,12557,189.79185713148047,189.29,96.36672159510519,0.8599716558030406,1.6855444453739594
