amount_bin,fraud_rate_pct
D1,1.3530443497870208
D2,1.3527054108216432
D3,0.9523809523809524
D4,0.7769423558897243
D5,0.9268537074148298
D6,1.0528954625219353
D7,1.2531328320802004
D8,1.1019283746556474
D9,1.2283780396089246
D10,0.9774436090225564
