is_international,n,fraud_rate,amount_mean,amount_median,risk_score_mean,pct,fraud_se,fraud_ci95
0,11,0.0,133.3318181818182,110.03,0.539,0.0011,0.0,0.0
1,9989,0.01081189308239063,189.67279507458204,190.34,0.5113426769446391,0.9989,0.0010347354010188752,0.0020280813859969954
