risk_level,n_transacciones,risk_score_mean,risk_score_std,risk_score_se,risk_score_ci95
Bajo,2815,0.15466110124333926,0.0853101009428581,0.0016079082230024218,0.0031515001170847466
Medio,4103,0.5000182793078235,0.11994853401175005,0.0018725964079936706,0.0036702889596675944
Alto,3082,0.8522988319273199,0.08817575205704804,0.0015883011680810361,0.003113070289438831
