is_fraud,n,mean,median,std
0.0,39468,189.34086779162865,187.66,96.4964818876673
1.0,438,185.17945205479452,192.365,99.29325345125295
