is_fraud,n,mean,median,std
0,9892,189.66842397897292,190.32,94.61883790287955
1,108,184.33472222222224,188.84,92.32872827245103
