amount_bin,fraud_rate_pct
D1,1.0999999999999999
D2,1.2
D3,1.1988011988011988
D4,0.9009009009009009
D5,1.0999999999999999
D6,1.0
D7,1.1988011988011988
D8,1.1011011011011012
D9,1.0
D10,1.0
