is_international,n,fraud_rate,amount_mean,amount_median,risk_score_mean,pct,fraud_se,fraud_ci95
0,36,0.0,185.73444444444442,190.235,0.5269444444444444,0.0009021199819576004,0.0,0.0
1,39870,0.010985703536493604,189.29840807624782,187.69,0.5103278154000501,0.9990978800180425,0.0005220259643511819,0.0010231708901283164
