risk_level,n_transacciones,risk_score_mean,risk_score_std,risk_score_se,risk_score_ci95
Bajo,10989,0.15177632177632178,0.08546907242176895,0.0008153233945804929,0.001598033853377766
Medio,16360,0.48964547677261616,0.11751552820055251,0.0009187632329687484,0.0018007759366187469
Alto,12557,0.8511005813490484,0.09011505069122935,0.0008041820669309535,0.0015761968511846687
